"Data","Pred_sem pandemia","s.e sem pandemia","Pred com pandemia","s.e com pandemia","Valor real"
"2023-06-20","-0.000101445803281689","0.0241119822327872","0.000355474217919899","0.0905932448165125","0"
