"Data","Pred_sem pandemia","s.e sem pandemia","Pred com pandemia","s.e com pandemia","Valor real"
"2023-06-16","-0.00010148387198687","0.0241160727103913","0.00341725575107692","0.09062791619059","0.00555555040453681"
