"Data","Pred_sem pandemia","s.e sem pandemia","Pred com pandemia","s.e com pandemia","Valor real"
"2023-06-19","-0.000101513264137107","0.024114880891983","0.00115736557851121","0.0906105262131166","-0.00552485678419434"
