"Data","Pred_sem pandemia","s.e sem pandemia","Pred com pandemia","s.e com pandemia","Valor real"
"2023-06-19","-0.000101525124134097","0.0241120431997449","0.00115736557943772","0.0906105261726965","-0.00552485678419434"
