"Data","Pred_sem pandemia","s.e sem pandemia","Pred com pandemia","s.e com pandemia","Valor real"
"2023-06-16","-0.000101546640505078","0.0241138268089013","0.00341725585052195","0.0906279161263426","0.00555555040453681"
